Pressure (atm),Temperature (K),B1_Frequencies_1_P1->W1,B1_Energy_1_P1->W1,W1_Frequencies_1_P1->W1,P1_SymmetryFactor_1_P1->W1,P1_Frequencies_1_P1->W1,B1_ImaginaryFrequency_1_P1->W1,W1_SymmetryFactor_1_P1->W1,W1_Energy_1_P1->W1,B1_SymmetryFactor_1_P1->W1,P1_Energy_1_P1->W1
10.0,1000.0,-3.0524180260457197,-0.5032085067179505,0.0,0.9999983727741897,1.6618445378139437,0.34108264793734183,0.0,0.0,-1.0000101569887143,0.5032096652068232
10.0,1010.0,-3.0658262063904336,-0.49825301427041735,0.0,0.9999838548051577,1.675083739472751,0.3338927158965793,0.0,0.0,-1.000010585964995,0.49821962920162105
10.0,1020.0,-3.0790620212891877,-0.4933760401232603,0.0,0.9999831006584009,1.6882029106232623,0.32693623395455534,0.0,0.0,-1.0000098727224602,0.49333837543619086
10.0,1030.0,-3.0921275034601963,-0.48858354513498947,0.0,0.9999888499148838,1.7011996538568246,0.32020066591825924,0.0,0.0,-1.000008259495683,0.48855650821400787
10.0,1040.0,-3.1050252783692884,-0.4838784177203711,0.0,0.9999967478029391,1.714072906992429,0.3136750806522882,0.0,0.0,-1.000006062712686,0.48386751109900267
10.0,1050.0,-3.1177582717701404,-0.47926146256609864,0.0,1.0000043618697554,1.7268225637217152,0.30734976487168886,0.0,0.0,-1.000003595888737,0.47926677061307255
10.0,1060.0,-3.1303295161048843,-0.4747321049319316,0.0,1.0000104933806402,1.7394491872694697,0.30121594420331926,0.0,0.0,-1.000001129802204,0.47475089837071693
10.0,1070.0,-3.142742049007146,-0.47028888754281123,0.0,1.0000147054752149,1.7519537921686672,0.2952655803249079,0.0,0.0,-0.9999988734390081,0.470317277211754
10.0,1080.0,-3.1549988401960043,-0.4659298246599905,0.0,1.0000170052590627,1.7643376871774514,0.2894912237330997,0.0,0.0,-0.9999969721630861,0.46596375740522716
10.0,1090.0,-3.167102770841947,-0.4616526394722487,0.0,1.000017641128122,1.7766023592265145,0.28388591037114874,0.0,0.0,-0.9999955109762586,0.4616884556865978
10.0,1100.0,-3.1790566273178107,-0.45745492518830594,0.0,1.0000169598800823,1.78874938748196,0.27844308122253375,0.0,0.0,-0.9999945243436399,0.45748962732056014
10.0,1110.0,-3.1908630901645005,-0.4533342549693845,0.0,1.0000153358072388,1.8007803891230845,0.273156527838486,0.0,0.0,-0.9999940060627659,0.45336560320967956
10.0,1120.0,-3.202524751608878,-0.44928824646788895,0.0,1.0000131136047148,1.8126969779381699,0.26802035351905573,0.0,0.0,-0.9999939202596565,0.44931472671691386
10.0,1130.0,-3.214044120424377,-0.44531460104259235,0.0,1.000010591558312,1.8245007402737692,0.26302893920401027,0.0,0.0,-0.9999942103205315,0.44533535928351875
10.0,1140.0,-3.2254236320961946,-0.4414111267180892,0.0,1.0000080052464861,1.836193219027774,0.25817692044984386,0.0,0.0,-0.9999948079625278,0.44142584728955486
10.0,1150.0,-3.2366656607571214,-0.43757574736128046,0.0,1.000005535722342,1.847775907096698,0.25345917390759987,0.0,0.0,-0.9999956391979503,0.4375845433681684
10.0,1160.0,-3.247772522442958,-0.4338064999682702,0.0,1.0000033050708126,1.8592502425519724,0.2488707961103074,0.0,0.0,-0.999996630587781,0.43380979702953915
10.0,1170.0,-3.2587464845289316,-0.43010153238115195,0.0,1.000001393451168,1.8706176125571283,0.24440709592473914,0.0,0.0,-0.9999977123894419,0.43009997442154635
10.0,1180.0,-3.2695897657223645,-0.42645909670517385,0.0,0.9999998424896017,1.8818793511702065,0.24006358241192133,0.0,0.0,-0.9999988212331682,0.4264534572768584
10.0,1190.0,-3.2803045487634077,-0.4228775396285087,0.0,0.9999986584534978,1.8930367488758513,0.23583595600379256,0.0,0.0,-0.9999999026073528,0.4228686531541304
10.0,1200.0,-3.2908929738812254,-0.4193552934156508,0.0,0.9999978315637792,1.9040910528830117,0.23172009841876745,0.0,0.0,-1.000000910857204,0.41934399958205054
10.0,1210.0,-3.3013571456832174,-0.41589086742592674,0.0,0.9999973320329641,1.9150434734926844,0.22771206800615862,0.0,0.0,-1.000001810359456,0.4158779731849499
10.0,1220.0,-3.3116991319119933,-0.4124828403368816,0.0,0.9999971239237233,1.9258951895586078,0.22380808812480213,0.0,0.0,-1.0000025739636027,0.41246909056180725
10.0,1230.0,-3.3219209633401348,-0.4091298526772089,0.0,0.9999971605403553,1.936647351703742,0.22000454294224547,0.0,0.0,-1.0000031838596475,0.4091159077011403
10.0,1240.0,-3.332024636652063,-0.40583060024346773,0.0,0.9999973985669175,1.9473010858615396,0.21629796992708017,0.0,0.0,-1.0000036299423434,0.40581703043840006
10.0,1250.0,-3.3420121104125946,-0.4025838272318464,0.0,0.9999977917404205,1.957857498780622,0.21268505160313828,0.0,0.0,-1.0000039087422408,0.40257110602508894
10.0,1260.0,-3.351885309292883,-0.39938832425917165,0.0,0.9999982981781325,1.9683176781905798,0.20916261042743342,0.0,0.0,-1.0000040232488272,0.3993768286911418
10.0,1270.0,-3.361646119452995,-0.39624292147468876,0.0,0.9999988784150627,1.9786826976937346,0.20572760265078419,0.0,0.0,-1.0000039808233079,0.39623293895878203
10.0,1280.0,-3.3712963938642897,-0.39314648586001155,0.0,0.9999994986740379,1.9889536174224547,0.20237711120463955,0.0,0.0,-1.0000037927168437,0.393138218176615
10.0,1290.0,-3.380837945955128,-0.39009791943212924,0.0,1.0000001297976653,1.999131485642386,0.19910834027634425,0.0,0.0,-1.0000034733979242,0.3900914922802778
10.0,1300.0,-3.3902725536322373,-0.38709615520164753,0.0,1.0000007456776914,2.0092173413801375,0.19591861050297507,0.0,0.0,-1.0000030390344732,0.38709162816519127
10.0,1310.0,-3.39960195922417,-0.3841401561806776,0.0,1.0000013288517218,2.019212212880909,0.19280535234558893,0.0,0.0,-1.0000025074473846,0.38413753104498627
10.0,1320.0,-3.4088278675933905,-0.381228914634641,0.0,1.0000018630856036,2.029117121186414,0.18976610111133563,0.0,0.0,-1.0000018968405262,0.3812281448649421
10.0,1330.0,-3.417951948532028,-0.3783614482289893,0.0,1.0000023391659525,2.038933077708762,0.1867984931263277,0.0,0.0,-1.0000012255184185,0.37836245026054227
10.0,1340.0,-3.4269758370927583,-0.37553680093762576,0.0,1.0000027476395998,2.0486610865911334,0.183900259386583,0.0,0.0,-1.0000005113727646,0.37553945905830716
10.0,1350.0,-3.435901132402447,-0.37275404197139733,0.0,1.0000030852605528,2.0583021440936555,0.18106922185863988,0.0,0.0,-0.999999771560993,0.37275821805969056
10.0,1360.0,-3.444729400453701,-0.3700122626129259,0.0,1.0000033529607253,2.0678572381640987,0.17830328963043804,0.0,0.0,-0.9999990220332315,0.37001780509695786
10.0,1370.0,-3.4534621726179964,-0.3673105802401281,0.0,1.0000035484825818,2.077327348317457,0.1756004539360491,0.0,0.0,-0.9999982774001134,0.3673173242893669
10.0,1380.0,-3.462100948053995,-0.36464813243649763,0.0,1.0000036768647407,2.086713446662625,0.1729587846055027,0.0,0.0,-0.9999975510654945,0.3646559117068531
10.0,1390.0,-3.470647195028976,-0.3620240795303937,0.0,1.0000037413887963,2.096016496134903,0.17037642616435983,0.0,0.0,-0.9999968545945336,0.36203272522432284
10.0,1400.0,-3.4791023477398606,-0.3594376039255271,0.0,1.0000037470242586,2.105237451297024,0.1678515949269783,0.0,0.0,-0.9999961979121155,0.35944695089061657
10.0,1410.0,-3.4874678134334522,-0.3568879086303191,0.0,1.000003700265208,2.114377256989448,0.16538257587617136,0.0,0.0,-0.9999955896892295,0.35689779926048965
10.0,1420.0,-3.4957449679060235,-0.3543742161148643,0.0,1.0000036067785194,2.1234368500622582,0.16296771739736965,0.0,0.0,-0.999995036306084,0.3543845003188978
10.0,1430.0,-3.5039351576498627,-0.3518957710204584,0.0,1.000003473726319,2.1324171563930348,0.1606054300200135,0.0,0.0,-0.9999945434188215,0.35190630980418164
10.0,1440.0,-3.5120397035767392,-0.34945183633850607,0.0,1.0000033060027267,2.1413190935140136,0.15829418570971726,0.0,0.0,-0.9999941146558864,0.3494624993141431
10.0,1450.0,-3.520059897399146,-0.34704169402710305,0.0,1.0000031119991573,2.1501435678959266,0.15603250955433895,0.0,0.0,-0.9999937524342342,0.34705236591671307
10.0,1460.0,-3.5279970054877965,-0.3446646460339046,0.0,1.0000028977803819,2.158891476315503,0.1538189823440213,0.0,0.0,-0.9999934582129911,0.34467522341194023
10.0,1470.0,-3.5358522677554194,-0.3423200113290923,0.0,1.0000026681735064,2.1675637053779977,0.15165223631789382,0.0,0.0,-0.9999932319992251,0.3423304016310051
10.0,1480.0,-3.543626901922625,-0.34000712733452854,0.0,1.0000024280998743,2.176161130754905,0.1495309518081351,0.0,0.0,-0.9999930726872044,0.3400172522529764
10.0,1490.0,-3.5513220972751256,-0.33772534897098716,0.0,1.0000021840012112,2.184684618397541,0.14745385676773318,0.0,0.0,-0.999992978841886,0.3377351394859834
10.0,1500.0,-3.5589390245608725,-0.33547404755231114,0.0,1.0000019391360748,2.1931350222428594,0.1454197249391173,0.0,0.0,-0.9999929476175288,0.33548345010705866
10.0,1510.0,-3.5664788290373486,-0.3332526116595004,0.0,1.0000016967588352,2.2015131873327474,0.14342737130034414,0.0,0.0,-0.9999929760597559,0.3332615810103292
10.0,1520.0,-3.5739426346473837,-0.3310604454926776,0.0,1.0000014612002746,2.2098199459397736,0.14147565333312911,0.0,0.0,-0.9999930602746847,0.3310689471810956
10.0,1530.0,-3.5813315447940006,-0.3288969694891014,0.0,1.0000012355891112,2.2180561217786052,0.13956346756952884,0.0,0.0,-0.9999931964176461,0.32890497722096285
10.0,1540.0,-3.588646639752,-0.32676161853636576,0.0,1.000001021713783,2.2262225258228625,0.13768974727995656,0.0,0.0,-0.9999933796526342,0.3267691160144504
10.0,1550.0,-3.5958889816898263,-0.3246538425689539,0.0,1.0000008208852518,2.2343199598369714,0.1358534629181973,0.0,0.0,-0.9999936055415392,0.3246608203142079
10.0,1560.0,-3.603059611934553,-0.3225731062964272,0.0,1.000000635243779,2.2423492139730783,0.13405361964398232,0.0,0.0,-0.9999938691949534,0.3225795616365185
10.0,1570.0,-3.6101595544649943,-0.3205188878071747,0.0,1.0000004661799056,2.25031106803699,0.13228925509058373,0.0,0.0,-0.9999941659857662,0.32052482555459
10.0,1580.0,-3.6171898137211813,-0.31849067913206325,0.0,1.0000003158967186,2.2582062918075376,0.13055943889152774,0.0,0.0,-0.9999944905185618,0.3184961078016423
10.0,1590.0,-3.6241513740347426,-0.3164879856364392,0.0,1.000000181466542,2.2660356438062377,0.12886327247117585,0.0,0.0,-0.9999948383787898,0.3164929175440852
10.0,1600.0,-3.6310452033439953,-0.31451032448797206,0.0,1.0000000641291356,2.27379987337159,0.12719988412547492,0.0,0.0,-0.9999952045029631,0.3145147798049285
10.0,1610.0,-3.637872252712283,-0.31255722426324406,0.0,0.9999999658111531,2.2814997180905516,0.125568433241748,0.0,0.0,-0.999995584516321,0.31256122171300266
10.0,1620.0,-3.6446334570190566,-0.31062822998340767,0.0,0.9999998842424938,2.289135907139818,0.12396810324023039,0.0,0.0,-0.9999959741639952,0.31063179357547044
10.0,1630.0,-3.651329731232218,-0.3087228921430324,0.0,0.9999998182022455,2.296709159253411,0.12239810549962692,0.0,0.0,-0.999996368846623,0.30872604702135503
10.0,1640.0,-3.657961978345098,-0.3068407784108561,0.0,0.9999997711981746,2.3042201818148476,0.1208576765090149,0.0,0.0,-0.9999967650904689,0.30684355180232553
10.0,1650.0,-3.664531083414298,-0.3049814625928251,0.0,0.9999997370712717,2.311669674854949,0.11934607539460702,0.0,0.0,-0.9999971591629024,0.3049838817500786
10.0,1660.0,-3.6710379140204132,-0.30314453069348063,0.0,0.9999997193565274,2.319058327687524,0.1178625859019012,0.0,0.0,-0.9999975475867849,0.30314662451861973
10.0,1670.0,-3.6774833282364208,-0.3013295798330067,0.0,0.9999997152435404,2.3263868198936364,0.11640651248582977,0.0,0.0,-0.9999979275093074,0.30133137767018364
10.0,1680.0,-3.6838681620248512,-0.2995362167465467,0.0,0.9999997237145346,2.3336558231288946,0.11497718271907682,0.0,0.0,-0.9999982958014898,0.2995377447697381
10.0,1690.0,-3.69019324311179,-0.2977640564809409,0.0,0.999999743747546,2.3408659983381765,0.11357394257805888,0.0,0.0,-0.9999986502869462,0.29776534633754004
10.0,1700.0,-3.696459380861474,-0.29601272515146265,0.0,0.9999997753488572,2.3480179986225753,0.11219616041978966,0.0,0.0,-0.9999989888348396,0.2960138032772432
10.0,1710.0,-3.702667374330541,-0.29428185460573825,0.0,0.999999815425351,2.355112467671899,0.11084322160609715,0.0,0.0,-0.9999993095690382,0.2942827500945
10.0,1720.0,-3.7088180049949147,-0.2925710903806582,0.0,0.9999998645948132,2.362150040500778,0.1095145306428375,0.0,0.0,-0.999999610577024,0.2925718264708182
10.0,1730.0,-3.7149120439684697,-0.29088008162820056,0.0,0.9999999223316023,2.3691313445324083,0.10820951074116253,0.0,0.0,-0.9999998909852587,0.2908806875837981
10.0,1740.0,-3.7209502472952987,-0.2892084889722016,0.0,0.9999999857059481,2.376056998360884,0.1069276002354095,0.0,0.0,-1.0000001494644555,0.28920898624199215
10.0,1750.0,-3.726933359601975,-0.287555980305298,0.0,1.000000055266528,2.3829276107145767,0.10566825667724046,0.0,0.0,-1.0000003854999675,0.2875563916799256
10.0,1760.0,-3.7328621122232564,-0.2859222300435926,0.0,1.0000001301547246,2.3897437847151894,0.10443094966828072,0.0,0.0,-1.0000005980410358,0.2859225789860758
10.0,1770.0,-3.73873722232671,-0.2843069210507903,0.0,1.0000002077548957,2.39650611400508,0.10321516826569431,0.0,0.0,-1.0000007871065077,0.28430722443487516
10.0,1780.0,-3.744559400617238,-0.2827097425352393,0.0,1.000000289334026,2.40321518473255,0.10202041354205442,0.0,0.0,-1.0000009526346048,0.2827100218297093
10.0,1790.0,-3.7503293401876125,-0.28113039190253725,0.0,1.0000003727371949,2.409871575144527,0.1008462029035608,0.0,0.0,-1.0000010945749356,0.2811306631156346
10.0,1800.0,-3.756047723280613,-0.2795685721032283,0.0,1.0000004581863864,2.4164758570336478,0.09969206531110078,0.0,0.0,-1.0000012131757925,0.2795688534806296
10.0,1810.0,-3.7617152218555043,-0.2780239937171643,0.0,1.000000545100463,2.4230285923650436,0.09855754453828355,0.0,0.0,-1.0000013091016875,0.27802429805544904
10.0,1820.0,-3.7673324988005716,-0.27649637423320567,0.0,1.0000006308575,2.429530338332238,0.09744219812120454,0.0,0.0,-1.0000013826181904,0.2764967141909021
10.0,1830.0,-3.772900201920705,-0.2749854354748843,0.0,1.0000007174553542,2.435981642954634,0.09634559395748249,0.0,0.0,-1.0000014344739734,0.274985823831405
10.0,1840.0,-3.778418969207423,-0.2734909073585493,0.0,1.000000802442777,2.4423830482957625,0.09526731331403834,0.0,0.0,-1.00000146553145,0.2734913558239449
10.0,1850.0,-3.78388943051737,-0.2720125242654046,0.0,1.0000008873516675,2.4487350884654244,0.09420694816642822,0.0,0.0,-1.000001476880907,0.2720130398638456
10.0,1860.0,-3.7893122045514445,-0.2705500266176553,0.0,1.0000009709862443,2.4550382922159626,0.09316410304513272,0.0,0.0,-1.0000014692735038,0.27055061807034336
10.0,1870.0,-3.794687896437059,-0.26910316075011287,0.0,1.0000010507905495,2.4612931797949558,0.09213839265812893,0.0,0.0,-1.000001443908949,0.26910383555402684
10.0,1880.0,-3.800017105003353,-0.2676716777271016,0.0,1.0000011295388598,2.467500265816353,0.09112944242831164,0.0,0.0,-1.0000014019910741,0.2676724427422524
10.0,1890.0,-3.8053004174860368,-0.26625533511137645,0.0,1.000001204993011,2.473660057707371,0.09013688717965161,0.0,0.0,-1.0000013444839915,0.26625619253728805
10.0,1900.0,-3.8105384132576643,-0.2648538950117329,0.0,1.0000012772409588,2.4797730568818928,0.08916037206204169,0.0,0.0,-1.0000012730880512,0.2648548493046764
10.0,1910.0,-3.815731660005738,-0.2634671228450144,0.0,1.0000013463423878,2.48583975801444,0.08819955261085041,0.0,0.0,-1.0000011885087334,0.2634681774106753
10.0,1920.0,-3.8208807156601496,-0.2620947921223123,0.0,1.0000014118051634,2.491860649908869,0.08725409303348267,0.0,0.0,-1.0000010924700793,0.26209594861444657
10.0,1930.0,-3.8259861332109915,-0.26073667843907994,0.0,1.0000014735957787,2.497836214503695,0.08632366579983493,0.0,0.0,-1.0000009859682846,0.260737938256084
10.0,1940.0,-3.8310484530982745,-0.25939256234097335,0.0,1.000001532937371,2.5037669284383828,0.08540795284223285,0.0,0.0,-1.0000008705004082,0.2593939265645704
10.0,1950.0,-3.8360682080389674,-0.2580622300569591,0.0,1.0000015864223677,2.509653261616765,0.08450664413871234,0.0,0.0,-1.0000007470591608,0.2580636976859187
10.0,1960.0,-3.8410459213382313,-0.2567454705707285,0.0,1.0000016376271852,2.5154956785030853,0.08361943833397939,0.0,0.0,-1.0000006173054472,0.25674704061841663
10.0,1970.0,-3.8459821088802055,-0.255442079239764,0.0,1.0000016843397712,2.5212946378947767,0.08274604072093912,0.0,0.0,-1.0000004820392965,0.2554437480138864
10.0,1980.0,-3.850877278872389,-0.25415185250613226,0.0,1.0000017266900305,2.5270505914533556,0.08188616567653198,0.0,0.0,-1.0000003427441555,0.2541536202427355
10.0,1990.0,-3.855731928960302,-0.2528745938666942,0.0,1.0000017660586884,2.532763987340492,0.08103953421925508,0.0,0.0,-1.000000200603764,0.2528764589670998
10.0,2000.0,-3.8605465523599958,-0.25161011007771883,0.0,1.0000018001122948,2.5384352653410986,0.08020587429930547,0.0,0.0,-1.000000056914393,0.2516120673782316
10.0,2010.0,-3.865321631279415,-0.25035820929673275,0.0,1.0000018291780668,2.5440648634779603,0.07938492163566674,0.0,0.0,-0.9999999121430458,0.2503602538493181
10.0,2020.0,-3.8700576430967835,-0.24911870533886749,0.0,1.0000018552093588,2.54965321011376,0.07857641787400808,0.0,0.0,-0.9999997678864112,0.24912083570686072
10.0,2030.0,-3.8747550542722693,-0.2478914172398152,0.0,1.0000018772496504,2.555200731792901,0.07778011183966371,0.0,0.0,-0.9999996248735284,0.2478936282881328
10.0,2040.0,-3.879414326452548,-0.24667616468725725,0.0,1.0000018957172556,2.560707847242181,0.07699575797458255,0.0,0.0,-0.9999994842170663,0.24667845077510395
10.0,2050.0,-3.8840359142870855,-0.24547277119318528,0.0,1.000001910785992,2.5661749709070882,0.07622311746033714,0.0,0.0,-0.9999993466250571,0.24547512929380164
10.0,2060.0,-3.8886202643313084,-0.2442810666192409,0.0,1.000001919805664,2.5716025129743167,0.07546195752704117,0.0,0.0,-0.9999992131057218,0.24428349056323065
10.0,2070.0,-3.893167815525125,-0.24310087971872024,0.0,1.000001925647404,2.576990876519742,0.0747120508551969,0.0,0.0,-0.9999990843026308,0.2431033640848829
10.0,2080.0,-3.8976790003216926,-0.24193204620328318,0.0,1.0000019286609418,2.5823404624009694,0.07397317539899782,0.0,0.0,-0.9999989610058172,0.2419345851984662
10.0,2090.0,-3.902154248260106,-0.24077440289901494,0.0,1.0000019272494585,2.5876516637113998,0.0732451155491272,0.0,0.0,-0.9999988438294015,0.24077699207195422
10.0,2100.0,-3.906593975558323,-0.2396277892986106,0.0,1.0000019222527237,2.5929248692822355,0.07252766033594386,0.0,0.0,-0.999998733358317,0.23963042320521633
10.0,2110.0,-3.9109985956678783,-0.23849205039250196,0.0,1.0000019128372502,2.598160464976165,0.07182060349649631,0.0,0.0,-0.9999986302413697,0.23849472191203905
10.0,2120.0,-3.9153685185011264,-0.23736703081132882,0.0,1.0000019005841507,2.6033588302345723,0.07112374472894185,0.0,0.0,-0.9999985348324775,0.23736973547751206
10.0,2130.0,-3.9197041410492774,-0.23625258168630758,0.0,1.000001884716481,2.608520339833509,0.07043688832399415,0.0,0.0,-0.9999984475173637,0.236255312963511
10.0,2140.0,-3.924005861811357,-0.23514855338901414,0.0,1.0000018656823977,2.6136453642088227,0.06975984303455997,0.0,0.0,-0.9999983688648625,0.23515130453203123
10.0,2150.0,-3.9282740666458658,-0.23405480144828214,0.0,1.0000018434986544,2.6187342699409575,0.0690924222636926,0.0,0.0,-0.9999982989090044,0.2340575681202955
10.0,2160.0,-3.932509139132827,-0.2329711821883502,0.0,1.000001818014469,2.623787417989032,0.06843444318974447,0.0,0.0,-0.99999823818564,0.232973957217839
10.0,2170.0,-3.9367114585403296,-0.23189755651490424,0.0,1.0000017892361246,2.6288051654222078,0.06778572947258275,0.0,0.0,-0.9999981868596868,0.23190033564158746
10.0,2180.0,-3.9408813935377713,-0.23083378719195968,0.0,1.0000017568264565,2.6337878652914224,0.06714610587571225,0.0,0.0,-0.9999981448060169,0.23083656256764998
10.0,2190.0,-3.9450193119380272,-0.22977973759725276,0.0,1.0000017217320383,2.638735864981784,0.06651540335201313,0.0,0.0,-0.999998112462054,0.22978250669124586
10.0,2200.0,-3.949125572823299,-0.22873527726289478,0.0,1.0000016845853148,2.64364950883764,0.0658934569998126,0.0,0.0,-0.9999980898969064,0.2287380318893854
10.0,2210.0,-3.9532005318476,-0.2277002749728013,0.0,1.000001643876376,2.648529137530129,0.06528010461580028,0.0,0.0,-0.9999980766964481,0.22770300928355947
10.0,2220.0,-3.95724454113833,-0.22667460234058434,0.0,1.0000016009434085,2.6533750848719215,0.06467518785416189,0.0,0.0,-0.9999980733360602,0.2266773133742998
10.0,2230.0,-3.9612579438409123,-0.22565813388537323,0.0,1.0000015554304,2.658187684452656,0.06407855266950009,0.0,0.0,-0.9999980795078968,0.22566081449055342
10.0,2240.0,-3.965241078759517,-0.22465074745812907,0.0,1.0000015061017795,2.6629672623145164,0.06349004831371804,0.0,0.0,-0.9999980952418001,0.22465339274074386
10.0,2250.0,-3.96919428231722,-0.22365232041626115,0.0,1.0000014555019863,2.6677141426630797,0.06290952716639012,0.0,0.0,-0.9999981202084589,0.22365492657095543
10.0,2260.0,-3.9731178843781,-0.22266273383383767,0.0,1.0000014033734352,2.672428644941739,0.06233684543945641,0.0,0.0,-0.9999981544426891,0.22266529425846335
10.0,2270.0,-3.977012211273336,-0.22168187202949285,0.0,1.0000013482460055,2.677111084630636,0.06177186200028863,0.0,0.0,-0.9999981976212002,0.22168438350523442
10.0,2280.0,-3.9808775802557994,-0.22070961905291095,0.0,1.0000012906432445,2.6817617739220325,0.06121444000411032,0.0,0.0,-0.999998249525935,0.22071207643109433
10.0,2290.0,-3.9847143104107774,-0.21974586087219022,0.0,1.0000012307661943,2.686381020604114,0.0606644442427537,0.0,0.0,-0.9999983098129227,0.219748261230131
10.0,2300.0,-3.9885227125598863,-0.21879048908907128,0.0,1.0000011695321096,2.6909691288997077,0.06012174360952002,0.0,0.0,-0.9999983784120081,0.21879282612790524
10.0,2310.0,-3.992303092326967,-0.21784339291621832,0.0,1.0000011063022627,2.6955263998620866,0.059586209286659066,0.0,0.0,-0.9999984547368183,0.21784566376190098
10.0,2320.0,-3.9960557543662496,-0.21690446528438512,0.0,1.0000010413740288,2.7000531304671376,0.05905771581340547,0.0,0.0,-0.9999985386863086,0.2169066661859235
10.0,2330.0,-3.9997809964378943,-0.21597360067937088,0.0,1.000000974230143,2.704549613679329,0.05853614035615392,0.0,0.0,-0.9999986298233172,0.21597572734501108
10.0,2340.0,-4.003479112457132,-0.21505069662124487,0.0,1.000000905281066,2.7090161401532367,0.058021361361895625,0.0,0.0,-0.9999987278572754,0.21505274470344016
10.0,2350.0,-4.007150392362326,-0.21413564967873755,0.0,1.0000008358084422,2.713452995701675,0.05751326286387079,0.0,0.0,-0.9999988322219666,0.21413761837206874
10.0,2360.0,-4.010795122747423,-0.21322836086969757,0.0,1.0000007644552367,2.7178604636265233,0.057011729133010086,0.0,0.0,-0.9999989426626853,0.21323024568069837
10.0,2370.0,-4.014413585460935,-0.21232873074989483,0.0,1.0000006909115093,2.7222388236004327,0.056516647190961354,0.0,0.0,-0.9999990588372933,0.21233052960707866
10.0,2380.0,-4.01800605949909,-0.211436664359982,0.0,1.0000006179080827,2.7265883510532265,0.056027907201702934,0.0,0.0,-0.9999991802219818,0.21143837332637994
10.0,2390.0,-4.021572816892843,-0.21055206490803294,0.0,1.0000005425675413,2.7309093200859667,0.05554540136895321,0.0,0.0,-0.9999993063183334,0.21055368133849395
10.0,2400.0,-4.025114129895134,-0.20967483955196556,0.0,1.000000465610286,2.7352020000123973,0.05506902372046911,0.0,0.0,-0.9999994368878727,0.2096763619887239
10.0,2410.0,-4.028630265175793,-0.20880489568002197,0.0,1.0000003881713675,2.7394666570835127,0.05459867211532627,0.0,0.0,-0.9999995712753802,0.20880632187992096
10.0,2420.0,-4.032121484596396,-0.20794214383488344,0.0,1.0000003103177992,2.743703554378657,0.05413424407020039,0.0,0.0,-0.9999997093078236,0.20794347130012225
10.0,2430.0,-4.035588049691822,-0.20708649421159908,0.0,1.0000002314799623,2.747912952797125,0.05367564163254499,0.0,0.0,-0.9999998502894084,0.20708772086353824
10.0,2440.0,-4.039030215044243,-0.2062378589407991,0.0,1.0000001517709427,2.752095108647748,0.05322276744561032,0.0,0.0,-0.9999999939698794,0.20623898453194747
10.0,2450.0,-4.042448233740583,-0.20539615271386025,0.0,1.0000000716765924,2.7562502765085104,0.052775526662532074,0.0,0.0,-1.000000139900818,0.20539717477645933
10.0,2460.0,-4.045842354867862,-0.20456129068852974,0.0,0.9999999907948272,2.760378707421359,0.05233382632331019,0.0,0.0,-1.000000287448209,0.20456220780487017
10.0,2470.0,-4.049212822989653,-0.20373318901395004,0.0,0.9999999087193742,2.7644806488513654,0.0518975756678901,0.0,0.0,-1.000000436376979,0.2037340013757301
10.0,2480.0,-4.052559883360613,-0.20291176560889682,0.0,0.9999998273601337,2.7685563466762066,0.0514666854754461,0.0,0.0,-1.0000005862583434,0.20291247270682844
10.0,2490.0,-4.055883773403129,-0.2020969408970994,0.0,0.9999997455904323,2.7726060429118746,0.05104106850520811,0.0,0.0,-1.0000007365669223,0.20209754097871638
10.0,2500.0,-4.059184727666363,-0.2012886343938659,0.0,0.9999996630375042,2.776629976732547,0.050620639131025776,0.0,0.0,-1.0000008869205264,0.20128912772668756
10.0,2510.0,-4.06246298184081,-0.20048676854005,0.0,0.9999995808866603,2.7806283851417755,0.05020531367225022,0.0,0.0,-1.0000010369257097,0.20048715348176516
10.0,2520.0,-4.065718765085188,-0.199691266463186,0.0,0.999999498076147,2.7846015017285355,0.04979500987646945,0.0,0.0,-1.0000011862793385,0.19969154395941116
10.0,2530.0,-4.068952302430572,-0.19890205193314078,0.0,0.9999994164907342,2.788549557721652,0.049389647571848175,0.0,0.0,-1.000001334392684,0.19890222287513012
10.0,2540.0,-4.072163819994916,-0.1981190509014227,0.0,0.9999993342791589,2.7924727814819588,0.048989148067142704,0.0,0.0,-1.0000014811217703,0.19811911479419395
10.0,2550.0,-4.075353536740336,-0.1973421906371087,0.0,0.9999992519691566,2.7963713990918104,0.048593433483654636,0.0,0.0,-1.0000016258378177,0.19734214697137367
10.0,2560.0,-4.07852167118707,-0.19657139820899366,0.0,0.9999991712109485,2.8002456336085078,0.04820242876774647,0.0,0.0,-1.0000017683413545,0.1965712488159008
10.0,2570.0,-4.081668439874255,-0.1958066024140189,0.0,0.9999990899208163,2.8040957051731916,0.047816059647960256,0.0,0.0,-1.0000019082954779,0.19580634775993874
10.0,2580.0,-4.084794053789333,-0.19504773457410754,0.0,0.9999990094411352,2.8079218321375197,0.047434253009877456,0.0,0.0,-1.0000020454085723,0.19504737517548115
10.0,2590.0,-4.087898722418211,-0.19429472451193008,0.0,0.999998929503849,2.8117242303306984,0.04705693776416023,0.0,0.0,-1.0000021792628468,0.19429426170206232
10.0,2600.0,-4.090982652570425,-0.1935475052274854,0.0,0.9999988501696894,2.8155031121453704,0.04668404391987283,0.0,0.0,-1.0000023095386763,0.19354694124667182
10.0,2610.0,-4.0940460493655,-0.19280600978371815,0.0,0.9999987714951992,2.8192586884359963,0.04631550314677135,0.0,0.0,-1.000002435924026,0.19280534515841394
10.0,2620.0,-4.097089113194279,-0.1920701727871738,0.0,0.9999986940081141,2.822991167567046,0.04595124782768322,0.0,0.0,-1.0000025582508376,0.1920694085946092
10.0,2630.0,-4.100112044319866,-0.1913399294223541,0.0,0.9999986175681236,2.8267007552590764,0.04559121244486027,0.0,0.0,-1.0000026761390157,0.1913390683005271
10.0,2640.0,-4.103115038067261,-0.1906152154903426,0.0,0.9999985420097866,2.830387654699723,0.04523533205855051,0.0,0.0,-1.0000027893956334,0.1906142585923045
10.0,2650.0,-4.1060982886683,-0.1898959694588328,0.0,0.9999984671613795,2.83405206715206,0.04488354312477883,0.0,0.0,-1.0000028978398046,0.18989491807497091
10.0,2660.0,-4.109061989008257,-0.18918212810313648,0.0,0.9999983937726222,2.8376941915326253,0.044535783704766,0.0,0.0,-1.0000030012343628,0.18918098525055382
10.0,2670.0,-4.112006326192442,-0.1884736314245338,0.0,0.9999983214854083,2.8413142244061804,0.04419199239479802,0.0,0.0,-1.0000030991615172,0.18847239925339906
10.0,2680.0,-4.11493148734292,-0.18777041947509063,0.0,0.9999982509300887,2.844912359807185,0.04385210938222096,0.0,0.0,-1.0000031915888081,0.18776909947249662
10.0,2690.0,-4.117837658195403,-0.1870724325157383,0.0,0.9999981809548594,2.8484887902607103,0.04351607659360481,0.0,0.0,-1.0000032785162352,0.18707102854998583
10.0,2700.0,-4.120725019256412,-0.1863796135848882,0.0,0.9999981131471155,2.852043705665716,0.04318383547019127,0.0,0.0,-1.0000033594571613,0.18637812702075499
10.0,2710.0,-4.123593749918359,-0.18569190456503917,0.0,0.9999980462566266,2.855577293727498,0.04285532989661698,0.0,0.0,-1.0000034343728441,0.18569033842392005
10.0,2720.0,-4.126444029767372,-0.18500924909830938,0.0,0.9999979817063936,2.859089740326791,0.042530503956990075,0.0,0.0,-1.0000035031259833,0.18500760606970346
10.0,2730.0,-4.1292760319844986,-0.1843315918203579,0.0,0.9999979190178948,2.86258122921192,0.04220930358354044,0.0,0.0,-1.000003565673648,0.1843298740608715
10.0,2740.0,-4.132089931038714,-0.1836588780241975,0.0,0.9999978566330533,2.866051941723942,0.04189167503100307,0.0,0.0,-1.000003621885213,0.18365708924834365
10.0,2750.0,-4.13488589683052,-0.1829910532653532,0.0,0.9999977970722256,2.869502057466259,0.04157756577345444,0.0,0.0,-1.000003671641048,0.1829891961926733
10.0,2760.0,-4.137664099148379,-0.18232806419946962,0.0,0.99999773873231,2.8729317540713812,0.041266924303008656,0.0,0.0,-1.0000037148028058,0.18232614292644275
10.0,2770.0,-4.1404247051473115,-0.1816698591656318,0.0,0.9999976822897296,2.8763412075100776,0.04095970000207188,0.0,0.0,-1.0000037512442457,0.1816678758055892
10.0,2780.0,-4.143167877995525,-0.18101638631015365,0.0,0.9999976286947226,2.8797305909026663,0.04065584321690073,0.0,0.0,-1.000003781186174,0.18101434374822684
10.0,2790.0,-4.145893781143419,-0.18036759428506058,0.0,0.999997576600202,2.8831000762917425,0.04035530477593885,0.0,0.0,-1.0000038043708743,0.18036549587847409
10.0,2800.0,-4.148602576391174,-0.17972343328919774,0.0,0.9999975258349679,2.886449833487234,0.040058037146463596,0.0,0.0,-1.0000038206821846,0.17972128313156951
10.0,2810.0,-4.151294421006097,-0.17908385344701988,0.0,0.9999974779351077,2.8897800303074956,0.0397639931672091,0.0,0.0,-1.0000038303305385,0.17908165492454375
10.0,2820.0,-4.153969471664146,-0.17844880680318392,0.0,0.9999974314111298,2.893090833232957,0.03947312647073799,0.0,0.0,-1.0000038332499688,0.17844656307065668
10.0,2830.0,-4.156627885272887,-0.17781824400341392,0.0,0.9999973882193008,2.896382406009854,0.03918539196471218,0.0,0.0,-1.000003829338253,0.17781595875992506
10.0,2840.0,-4.159269812771709,-0.17719211912799931,0.0,0.999997345806183,2.8996549120986987,0.03890074464867613,0.0,0.0,-1.0000038187201423,0.1771897953402238
10.0,2850.0,-4.1618954071385605,-0.17657038450136575,0.0,0.9999973068618602,2.902908511110162,0.0386191412416343,0.0,0.0,-1.0000038014238268,0.17656802587125425
10.0,2860.0,-4.164504817036839,-0.17595299430716257,0.0,0.9999972694601692,2.906143363055037,0.03834053805723472,0.0,0.0,-1.0000037773168982,0.17595060556664202
10.0,2870.0,-4.167098189887761,-0.17533990305396047,0.0,0.9999972348081483,2.909359624184556,0.038064893161176214,0.0,0.0,-1.0000037468524698,0.17533748723426087
10.0,2880.0,-4.169675671404208,-0.17473106650003528,0.0,0.9999972026492594,2.9125574510698393,0.037792164825827916,0.0,0.0,-1.000003709652279,0.17472862693334598
10.0,2890.0,-4.172237406755356,-0.1741264401531318,0.0,0.9999971719714855,2.915736997114677,0.037522312402720664,0.0,0.0,-1.0000036659792775,0.174123979061866
10.0,2900.0,-4.174783537908891,-0.17352597964009092,0.0,0.9999971447648299,2.918898414002222,0.03725529625985228,0.0,0.0,-1.0000036161954327,0.17352350381523388
10.0,2910.0,-4.177314205501121,-0.17292964330014196,0.0,0.9999971183560603,2.922041853541015,0.03699107602309236,0.0,0.0,-1.0000035598384522,0.17292715511288778
10.0,2920.0,-4.179829546653254,-0.17233738809128493,0.0,0.9999970958885542,2.925167463683411,0.036729613440509234,0.0,0.0,-1.0000034972848977,0.1723348903319889
10.0,2930.0,-4.182329701422551,-0.17174917240925722,0.0,0.9999970745529573,2.928275392339881,0.03647087002038659,0.0,0.0,-1.0000034285533548,0.1717466699998458
10.0,2940.0,-4.1848148053019925,-0.1711649554087215,0.0,0.9999970568444956,2.931365785199485,0.036214808805001525,0.0,0.0,-1.000003354158078,0.17116245132481073
10.0,2950.0,-4.1872849931049885,-0.17058469548183872,0.0,0.999997040966355,2.934438786509957,0.03596139316960716,0.0,0.0,-1.00000327385745,0.1705821955623599
10.0,2960.0,-4.1897403948869565,-0.17000835426819713,0.0,0.9999970274462712,2.937494538972996,0.035710586249672,0.0,0.0,-1.0000031875677036,0.17000585864047218
10.0,2970.0,-4.192181142893834,-0.16943588988886185,0.0,0.9999970172014989,2.940533183111299,0.035462353301554395,0.0,0.0,-1.0000030959139539,0.16943340418796374
10.0,2980.0,-4.194607369051147,-0.16886726596549612,0.0,0.9999970088582502,2.9435548601831445,0.03521665837640696,0.0,0.0,-1.000002998842799,0.16886479483796374
10.0,2990.0,-4.197019198974632,-0.16830244190955246,0.0,0.9999970027934789,2.9465597069107994,0.03497346807296316,0.0,0.0,-1.000002896522298,0.168299987707267
10.0,3000.0,-4.1994167589208455,-0.1677413808663094,0.0,0.999996999070011,2.949547860311811,0.03473274788422468,0.0,0.0,-1.000002789054804,0.1677389479096364
10.0,3010.0,-4.201800174987185,-0.16718404508836054,0.0,0.9999969990113737,2.9525194566257342,0.03449446525393024,0.0,0.0,-1.0000026764887453,0.16718163647880757
10.0,3020.0,-4.204169570203065,-0.16663039797848966,0.0,0.9999969987349407,2.9554746291759675,0.034258586207005524,0.0,0.0,-1.0000025593699198,0.16662801730682414
10.0,3030.0,-4.206525069009379,-0.16608040274349037,0.0,0.9999970047745816,2.9584135104702223,0.03402508041959464,0.0,0.0,-1.0000024375258187,0.1660780526262516
10.0,3040.0,-4.208866790716259,-0.16553402274322881,0.0,0.9999970108728599,2.9613362315167695,0.033793915052720794,0.0,0.0,-1.0000023113750183,0.16553170916741353
10.0,3050.0,-4.211194853105082,-0.16499122346341996,0.0,0.999997020728113,2.96424292172811,0.03356505969352506,0.0,0.0,-1.0000021809908146,0.16498894836460917
10.0,3060.0,-4.213509376570768,-0.16445196972455692,0.0,0.9999970306545686,2.9671337105387314,0.03333848272813116,0.0,0.0,-1.0000020465192778,0.1644497364760692
10.0,3070.0,-4.21581047727379,-0.16391622686071264,0.0,0.9999970446437507,2.9700087241528377,0.033114155608555434,0.0,0.0,-1.0000019082871012,0.16391403854974967
10.0,3080.0,-4.218098270666784,-0.16338395987978682,0.0,0.9999970614475229,2.9728680888898107,0.03289204697641266,0.0,0.0,-1.0000017661351264,0.16338182066934992
10.0,3090.0,-4.220372870552167,-0.16285513662509793,0.0,0.9999970797130388,2.9757119291675096,0.03267212899364923,0.0,0.0,-1.000001620640826,0.16285304965675093
10.0,3100.0,-4.222634390640208,-0.16232972419892155,0.0,0.9999971006214212,2.978540367454104,0.032454372571980715,0.0,0.0,-1.0000014718115298,0.16232769182454562
10.0,3110.0,-4.2248829418600975,-0.16180768683091934,0.0,0.9999971240595839,2.9813535266449787,0.03223874976026732,0.0,0.0,-1.0000013199739313,0.16180571203185287
10.0,3120.0,-4.227118633968276,-0.16128899587220322,0.0,0.9999971484862037,2.984151526429313,0.032025233078561734,0.0,0.0,-1.0000011653154601,0.1612870818443723
10.0,3130.0,-4.229341578639464,-0.16077361513756536,0.0,0.9999971765148284,2.9869344868146044,0.031813794313950525,0.0,0.0,-1.0000010080842778,0.16077176775781166
10.0,3140.0,-4.231551879904592,-0.1602615164101542,0.0,0.9999972050293051,2.9897025260534207,0.03160440675924211,0.0,0.0,-1.0000008484515843,0.16025973564414375
10.0,3150.0,-4.233749647792346,-0.15975266840880611,0.0,0.9999972384693141,2.992455761263278,0.031397045663217375,0.0,0.0,-1.0000006865330837,0.15975095741813092
10.0,3160.0,-4.235934984147323,-0.15924703903978518,0.0,0.9999972715491227,2.99519430829052,0.03119168282552802,0.0,0.0,-1.0000005224120199,0.15924540118345798
10.0,3170.0,-4.238107997750073,-0.15874459861846008,0.0,0.999997308339834,2.9979182802171613,0.0309882944122097,0.0,0.0,-1.00000035661194,0.15874303506097684
10.0,3180.0,-4.240268789850444,-0.15824531688224341,0.0,0.9999973472833716,3.0006277929670313,0.030786853688846365,0.0,0.0,-1.000000189180487,0.15824383230447697
10.0,3190.0,-4.242417461019765,-0.1577491632824307,0.0,0.999997387843623,3.00332295709027,0.03058733693455987,0.0,0.0,-1.0000000202820545,0.15774776005629046
10.0,3200.0,-4.244554114082714,-0.15725611111859017,0.0,0.9999974284708886,3.006003885007128,0.030389719431638127,0.0,0.0,-0.9999998502349595,0.15725478906954482
10.0,3210.0,-4.246678846980318,-0.15676612825120734,0.0,0.9999974721808002,3.008670685933746,0.030193976453992293,0.0,0.0,-0.9999996791638062,0.15676489387411113
10.0,3220.0,-4.248791760107995,-0.15627918784251435,0.0,0.9999975201796106,3.011323468564815,0.030000086238810873,0.0,0.0,-0.9999995076130834,0.15627804339769097
10.0,3230.0,-4.250892949656033,-0.1557952629402965,0.0,0.9999975668548938,3.0139623423594006,0.029808024066287592,0.0,0.0,-0.9999993351922253,0.15579420567530117
10.0,3240.0,-4.25298251583556,-0.15531432383417207,0.0,0.9999976182714208,3.016587412215428,0.02961776718934216,0.0,0.0,-0.9999991625263469,0.1553133608962056
10.0,3250.0,-4.255060548604558,-0.15483634396104531,0.0,0.9999976672000512,3.0191987844339274,0.02942929273943132,0.0,0.0,-0.9999989894248773,0.1548354736391285
10.0,3260.0,-4.257127147093552,-0.1543612964087581,0.0,0.9999977209369395,3.0217965659567514,0.029242580620717988,0.0,0.0,-0.9999988168595201,0.15436052206762602
10.0,3270.0,-4.259182401520203,-0.15388915223944424,0.0,0.9999977755701406,3.024380856287194,0.029057606038005078,0.0,0.0,-0.9999986447161419,0.1538884781994625
10.0,3280.0,-4.261226404581691,-0.15341988848363672,0.0,0.9999978323980517,3.026951762212137,0.02887434910068602,0.0,0.0,-0.9999984722314109,0.15341931224414337
10.0,3290.0,-4.263259251220165,-0.1529534764552524,0.0,0.9999978917808734,3.0295093819490417,0.028692788037572563,0.0,0.0,-0.9999983010712545,0.15295300328079892
10.0,3300.0,-4.265281027079577,-0.15248989037515598,0.0,0.9999979512642161,3.032053818255572,0.028512901856514755,0.0,0.0,-0.999998130308994,0.1524895193787799
10.0,3310.0,-4.267291827127205,-0.15202910437265485,0.0,0.9999980119454349,3.0345851710203515,0.028334670893078416,0.0,0.0,-0.9999979608953911,0.15202883858719557
10.0,3320.0,-4.26929173267622,-0.15157109701186874,0.0,0.9999980712361123,3.0371035369530257,0.028158074377097626,0.0,0.0,-0.9999977925246942,0.15157093616265405
10.0,3330.0,-4.271280838702277,-0.1511158383420776,0.0,0.9999981345727627,3.039609014735966,0.027983092103837457,0.0,0.0,-0.9999976253256962,0.15111578537038953
10.0,3340.0,-4.273259228009608,-0.15066330598893768,0.0,0.9999982000454857,3.0421017014557714,0.02780970454708022,0.0,0.0,-0.9999974603842338,0.15066336245125228
10.0,3350.0,-4.275226987096592,-0.1502134756439547,0.0,0.9999982682490312,3.044581692485995,0.027637892712532197,0.0,0.0,-0.9999972966626365,0.15021364252451422
10.0,3360.0,-4.277184199445977,-0.14976632434338402,0.0,0.9999983330013533,3.047049083112234,0.027467637295959725,0.0,0.0,-0.9999971352174225,0.14976659909574785
10.0,3370.0,-4.279130952326806,-0.14932182570724495,0.0,0.9999984026289472,3.0495039663122885,0.02729891974703715,0.0,0.0,-0.9999969756423193,0.14932221529549902
10.0,3380.0,-4.281067326021906,-0.1488799588318346,0.0,0.9999984718209499,3.0519464362869657,0.027131721368845587,0.0,0.0,-0.9999968183341756,0.14888045960512697
10.0,3390.0,-4.282993401249693,-0.14844069865903248,0.0,0.9999985429060994,3.0543765845230038,0.02696602401314367,0.0,0.0,-0.9999966635935076,0.14844131514373296
10.0,3400.0,-4.2849092626489105,-0.148004022328096,0.0,0.9999986124834328,3.056794502042231,0.02680180897044738,0.0,0.0,-0.99999651153026,0.1480047503926761
10.0,3410.0,-4.286814989664709,-0.14756990809986092,0.0,0.9999986856292642,3.0592002795774773,0.026639059734359472,0.0,0.0,-0.9999963623674643,0.14757075381572193
10.0,3420.0,-4.288710664054225,-0.14713833437249926,0.0,0.9999987574180611,3.061594006961072,0.0264777586257369,0.0,0.0,-0.9999962156150799,0.14713929385989558
10.0,3430.0,-4.290596358779001,-0.14670927745552928,0.0,0.9999988307649347,3.0639757715081286,0.026317888338202238,0.0,0.0,-0.9999960724290994,0.14671035003922495
10.0,3440.0,-4.292472158125953,-0.14628271698314801,0.0,0.9999989056531312,3.066345662724282,0.026159431163293796,0.0,0.0,-0.9999959322943521,0.146283904385567
10.0,3450.0,-4.29433813488909,-0.1458586282405753,0.0,0.9999989794691031,3.0687037676021416,0.02600237121030587,0.0,0.0,-0.9999957953595255,0.1458599317320767
10.0,3460.0,-4.296194364844544,-0.14543699375751146,0.0,0.999999052631688,3.0710501698254973,0.025846693468092125,0.0,0.0,-0.99999566220471,0.14543841358415582
10.0,3470.0,-4.298040931223761,-0.14501778873906343,0.0,0.9999991278382013,3.0733849573377197,0.025692378490014038,0.0,0.0,-0.9999955326644646,0.1450193234244875
10.0,3480.0,-4.299877902984192,-0.1446009946906331,0.0,0.9999992052896851,3.075708213131516,0.025539413744444982,0.0,0.0,-0.9999954068162743,0.14460264605454046
10.0,3490.0,-4.301705349803695,-0.14418659141236526,0.0,0.9999992818867399,3.078020020304304,0.025387781447532454,0.0,0.0,-0.9999952850412814,0.14418835627313564
10.0,3500.0,-4.303523351428982,-0.1437745564383587,0.0,0.9999993573948164,3.080320464969133,0.02523746704047493,0.0,0.0,-0.9999951665646363,0.14377643753127
10.0,3510.0,-4.30533198326761,-0.14336487050722185,0.0,0.9999994338075825,3.0826096252811337,0.02508845311637391,0.0,0.0,-0.9999950525381425,0.14336686774071666
10.0,3520.0,-4.307131306067811,-0.14295751357932507,0.0,0.999999512096742,3.0848875851754,0.02494072819069725,0.0,0.0,-0.9999949432570809,0.14295962449279778
10.0,3530.0,-4.308921402139589,-0.14255246726307216,0.0,0.9999995874372833,3.0871544243735154,0.02479427545967286,0.0,0.0,-0.9999948377246175,0.1425546915360718
10.0,3540.0,-4.3107023363692925,-0.14214971032858711,0.0,0.9999996653243585,3.0894102233174663,0.0246490790242183,0.0,0.0,-0.9999947365040892,0.14215204586673777
10.0,3550.0,-4.312474180026359,-0.14174922383492922,0.0,0.9999997435465039,3.091655059902705,0.024505127600843543,0.0,0.0,-0.9999946403870993,0.14175167198870284
10.0,3560.0,-4.314237000744717,-0.14135098871526644,0.0,0.9999998190210734,3.0938890134822374,0.02436240431038571,0.0,0.0,-0.9999945482134672,0.1413535456850302
10.0,3570.0,-4.315990864466186,-0.14095498760802358,0.0,0.9999998971762047,3.096112161783982,0.024220896637971688,0.0,0.0,-0.9999944611391851,0.14095765725063364
10.0,3580.0,-4.317735848625496,-0.14056119898576291,0.0,0.9999999734716962,3.098324580114972,0.024080591097024685,0.0,0.0,-0.9999943789778704,0.14056397976763257
10.0,3590.0,-4.31947200695116,-0.14016960500623285,0.0,1.0000000501022581,3.100526345784287,0.023941471269103388,0.0,0.0,-0.9999943010824185,0.1401724924524933
10.0,3600.0,-4.321199412940833,-0.1397801904823468,0.0,1.0000001257778697,3.102717535296837,0.02380352751256191,0.0,0.0,-0.999994228566938,0.13978318326541553
10.0,3610.0,-4.322918130140583,-0.13939293451612433,0.0,1.0000002027602553,3.1048982232225018,0.023666744506313946,0.0,0.0,-0.9999941608953165,0.13939603815233573
10.0,3620.0,-4.324628227273315,-0.1390078203754475,0.0,1.0000002770118184,3.1070684830003,0.023531109685225843,0.0,0.0,-0.9999940976110208,0.139011022939448
10.0,3630.0,-4.326329765656881,-0.13862482986327967,0.0,1.0000003521680711,3.109228385556222,0.023396608624524164,0.0,0.0,-0.9999940400145423,0.13862813554382108
10.0,3640.0,-4.328022806592381,-0.13824394421035038,0.0,1.0000004276761476,3.11137800814071,0.023263232034386763,0.0,0.0,-0.9999939874692476,0.1382473549530278
10.0,3650.0,-4.329707418233099,-0.13786514897347704,0.0,1.0000004975382908,3.1135174193593933,0.02313096388170309,0.0,0.0,-0.9999939400965995,0.13786865914750937
10.0,3660.0,-4.33138365819436,-0.13748842382691312,0.0,1.0000005733479305,3.1156466927853184,0.022999795044186117,0.0,0.0,-0.9999938978149248,0.13749203375275126
10.0,3670.0,-4.333051591881875,-0.13711375678808163,0.0,1.0000006438299536,3.1177658981465997,0.022869710887643516,0.0,0.0,-0.9999938611603357,0.1371174623341972
10.0,3680.0,-4.334711276693175,-0.13674112558564094,0.0,1.000000714814582,3.119875107374439,0.022740701979848284,0.0,0.0,-0.9999938290773611,0.1367449245432112
10.0,3690.0,-4.33636277781617,-0.13637051816834597,0.0,1.0000007866536393,3.1219743863603977,0.022612753594463783,0.0,0.0,-0.999993802474879,0.13637441207095766
10.0,3700.0,-4.338006150604465,-0.1360019141417821,0.0,1.0000008575545003,3.1240638059131918,0.02248585432234865,0.0,0.0,-0.999993781361266,0.13600590088361467
10.0,3710.0,-4.339641462072105,-0.13563529838753086,0.0,1.0000009276176856,3.1261434356101554,0.022359995728109826,0.0,0.0,-0.9999937651689972,0.13563937498152354
10.0,3720.0,-4.341268757855657,-0.13527065788154968,0.0,1.000000995301872,3.1282133430181998,0.02223516263306586,0.0,0.0,-0.9999937547252769,0.13527482150086723
10.0,3730.0,-4.342888110028726,-0.13490797324800013,0.0,1.00000106466141,3.130273592253014,0.022111346945270675,0.0,0.0,-0.999993749739013,0.1349122232288513
10.0,3740.0,-4.344499565903229,-0.13454723150861844,0.0,1.0000011283582608,3.132324251442753,0.021988536258748977,0.0,0.0,-0.9999937492636322,0.13455156395981296
10.0,3750.0,-4.34610319229217,-0.1341884178196583,0.0,1.0000011962099824,3.1343653872412616,0.021866720546524106,0.0,0.0,-0.9999937545053871,0.1341928308986032
10.0,3760.0,-4.347699034798608,-0.133831513846747,0.0,1.0000012599738475,3.1363970627757722,0.021745887402620772,0.0,0.0,-0.9999937649721434,0.13383600596263212
10.0,3770.0,-4.34928715939787,-0.13347650229697736,0.0,1.0000013224309383,3.138419345269749,0.021626027579100603,0.0,0.0,-0.999993780950805,0.1334810682539193
10.0,3780.0,-4.350867615747366,-0.1331233714738894,0.0,1.0000013813697919,3.140432296091306,0.021507129516040634,0.0,0.0,-0.9999938021942576,0.13312801546064
10.0,3790.0,-4.352440462819455,-0.13277210978402512,0.0,1.0000014431902495,3.1424359804367317,0.021389185481695293,0.0,0.0,-0.9999938282292146,0.13277683016399558
10.0,3800.0,-4.35400575047259,-0.1324226969245274,0.0,1.000001503134314,3.14443046336829,0.02127218165441756,0.0,0.0,-0.9999938594242531,0.1324274863159009
10.0,3810.0,-4.35556353158085,-0.1320751212103808,0.0,1.000001561503548,3.146415802962027,0.02115611223749244,0.0,0.0,-0.9999938963992531,0.13207997791934517
10.0,3820.0,-4.357113868199243,-0.1317293670653798,0.0,1.000001616555587,3.148392062110626,0.021040962295164396,0.0,0.0,-0.9999939376673403,0.13173428551837726
10.0,3830.0,-4.358656807874236,-0.13138542155703922,0.0,1.0000016738525965,3.150359305809334,0.020926726524947023,0.0,0.0,-0.9999939842337257,0.13139040032348517
10.0,3840.0,-4.3601923986213915,-0.13104326828513677,0.0,1.000001728133974,3.152317588205502,0.020813392948079577,0.0,0.0,-0.9999940357717155,0.13104831313314844
10.0,3850.0,-4.361720702763773,-0.13070289579355063,0.0,1.0000017811755915,3.154266975299587,0.020700953774179187,0.0,0.0,-0.9999940924530335,0.13070799638858457
10.0,3860.0,-4.363241761917104,-0.1303642888036368,0.0,1.0000018302633802,3.1562075246482793,0.02058939792079797,0.0,0.0,-0.9999941546588218,0.13036944365788503
10.0,3870.0,-4.3647556334118995,-0.13002743069772416,0.0,1.0000018842096874,3.158139294830231,0.0204787165672121,0.0,0.0,-0.9999942200938495,0.13003263720180022
10.0,3880.0,-4.366262361142361,-0.1296923156733613,0.0,1.0000019302818441,3.1600623458648975,0.020368901035102603,0.0,0.0,-0.9999942913465341,0.1296975726713529
10.0,3890.0,-4.367762004549946,-0.12935892325602097,0.0,1.0000019758178884,3.1619767349487673,0.020259941406390643,0.0,0.0,-0.999994366892306,0.1293642278638694
10.0,3900.0,-4.3692546045467315,-0.12902724271059596,0.0,1.0000020232303262,3.1638825174186893,0.02015183173357963,0.0,0.0,-0.9999944468484399,0.12903259371516546
10.0,3910.0,-4.370740218128162,-0.12869726261529849,0.0,1.000002065114105,3.165779757206063,0.02004455946828941,0.0,0.0,-0.9999945322578416,0.1287026489839203
10.0,3920.0,-4.372218884095372,-0.1283689637888497,0.0,1.0000021093433755,3.1676685021421633,0.019938117925868887,0.0,0.0,-0.9999946207373245,0.12837439678308613
10.0,3930.0,-4.373690657433385,-0.12804234256895292,0.0,1.0000021516962525,3.169548814298752,0.01983249842799908,0.0,0.0,-0.9999947145569891,0.12804780877564237
10.0,3940.0,-4.375155589843538,-0.12771737833229996,0.0,1.000002187213697,3.1714207481582473,0.019727690905819557,0.0,0.0,-0.9999948125022059,0.1277228815739646
10.0,3950.0,-4.376613716106121,-0.12739406345673585,0.0,1.0000022266849702,3.1732843587559354,0.019623689160531047,0.0,0.0,-0.9999949148703497,0.12739959334160883
10.0,3960.0,-4.378065093116058,-0.12707238219438485,0.0,1.0000022594548388,3.175139700892552,0.01952048582058847,0.0,0.0,-0.9999950201075325,0.1270779445821409
10.0,3970.0,-4.379509763795848,-0.12675232303190181,0.0,1.000002294536692,3.176986826956328,0.0194180698119207,0.0,0.0,-0.9999951304126525,0.12675790819456534
10.0,3980.0,-4.38094777518935,-0.12643387388370766,0.0,1.0000023301546574,3.1788257939594637,0.019316436091720762,0.0,0.0,-0.9999952437250278,0.1264394839499886
10.0,3990.0,-4.382379172262989,-0.12611702362557622,0.0,1.0000023567592338,3.1806566525310696,0.01921557355241051,0.0,0.0,-0.999995361037304,0.1261226544982802
10.0,4000.0,-4.38380399964812,-0.12580175930213303,0.0,1.0000023884568776,3.182479453836371,0.019115477503006708,0.0,0.0,-0.99999548193902,0.1258074063804998
10.0,4010.0,-4.385222305594857,-0.1254880688735777,0.0,1.0000024099348794,3.1842942563451233,0.019016137472564646,0.0,0.0,-0.9999956063799154,0.12549372952533153
10.0,4020.0,-4.386634128937837,-0.12517593986521217,0.0,1.0000024432408603,3.1861011073357353,0.018917550881043545,0.0,0.0,-0.9999957341757014,0.12518161482281243
10.0,4030.0,-4.388039519367978,-0.12486536337307763,0.0,1.0000024676674801,3.1879000601681415,0.018819702348719814,0.0,0.0,-0.9999958640866182,0.12487104483125451
10.0,4040.0,-4.389438515418355,-0.12455632440464709,0.0,1.000002484588527,3.189691164533257,0.018722590903889783,0.0,0.0,-0.9999959980435081,0.12456201698705012
10.0,4050.0,-4.390831169225898,-0.12424881401018299,0.0,1.000002512365849,3.1914744711942227,0.018626205589756906,0.0,0.0,-0.9999961359207197,0.12425451165113331
10.0,4060.0,-4.392217512655783,-0.12394282115701659,0.0,1.0000025271759532,3.193250032137184,0.018530542938344288,0.0,0.0,-0.9999962752512984,0.12394851847751595
10.0,4070.0,-4.393597587725819,-0.12363832947925961,0.0,1.0000025439964788,3.1950178940206704,0.01843559303157311,0.0,0.0,-0.999996416784964,0.12364402657086544
10.0,4080.0,-4.394971445936299,-0.12333533471949215,0.0,1.0000025636651013,3.1967781098025325,0.018341350273770502,0.0,0.0,-0.9999965633991318,0.12334102627187425
10.0,4090.0,-4.396339126657978,-0.12303382389945035,0.0,1.0000025770008965,3.198530726057532,0.018247806908060632,0.0,0.0,-0.9999967100468067,0.12303950879103034
10.0,4100.0,-4.397700662426171,-0.12273378147726266,0.0,1.0000025909733252,3.200275793062957,0.018154956249792395,0.0,0.0,-0.9999968596054042,0.12273946094406571
10.0,4110.0,-4.399056102395685,-0.12243520301239437,0.0,1.0000026015615444,3.2020133564218667,0.018062789319083603,0.0,0.0,-0.9999970107262667,0.12244087316323024
10.0,4120.0,-4.400405485769735,-0.12213807445078197,0.0,1.0000026087990614,3.2037434652555556,0.01797130387096371,0.0,0.0,-0.9999971644858072,0.12214372677081088
10.0,4130.0,-4.401748856375507,-0.12184238649934762,0.0,1.0000026160365785,3.205466167127244,0.01788049122711374,0.0,0.0,-0.9999973187982136,0.12184801924897863
10.0,4140.0,-4.403086248993292,-0.12154812881210321,0.0,1.000002619755858,3.207181509315341,0.017790343412862196,0.0,0.0,-0.9999974761262521,0.12155374524162463
10.0,4150.0,-4.404417697800252,-0.12125528719764908,0.0,1.0000026244468412,3.2088895372386164,0.017700855988528524,0.0,0.0,-0.9999976346060945,0.12126088414833004
10.0,4160.0,-4.405743251046502,-0.12096385687211021,0.0,1.0000026279985856,3.2105903000016127,0.017612022906095058,0.0,0.0,-0.9999977933330512,0.12096942928540341
10.0,4170.0,-4.4070629481363,-0.12067382471988662,0.0,1.0000026263232344,3.212283837360413,0.017523835671531447,0.0,0.0,-0.9999979544725136,0.12067937319091526
10.0,4180.0,-4.408376826195428,-0.1203851800745392,0.0,1.000002631181753,3.2139701993912624,0.017436291001149427,0.0,0.0,-0.9999981162737397,0.12039069952186665
10.0,4190.0,-4.409684910622209,-0.12009791384899433,0.0,1.000002625452052,3.2156494325181426,0.017349379378954446,0.0,0.0,-0.9999982780247052,0.12010340328837837
10.0,4200.0,-4.410987262600468,-0.11981201597193615,0.0,1.0000026260216712,3.21732157599453,0.017263097806067936,0.0,0.0,-0.9999984406594185,0.11981747222175651
10.0,4210.0,-4.412283899788406,-0.1195274785007587,0.0,1.0000026187841544,3.2189866800306994,0.017177437721445504,0.0,0.0,-0.9999986043872984,0.11953290023343285
10.0,4220.0,-4.4135748691628685,-0.11924428916676812,0.0,1.0000026135905657,3.220644783813114,0.017092397114665762,0.0,0.0,-0.9999987672063002,0.11924967807610827
10.0,4230.0,-4.414860203493725,-0.11896243934067785,0.0,1.000002603705994,3.222295931822347,0.017007966737790342,0.0,0.0,-0.9999989305656029,0.11896779302330181
10.0,4240.0,-4.416139943190444,-0.11868191615867082,0.0,1.0000025974736877,3.2239401717723997,0.016924141330216618,0.0,0.0,-0.9999990938955869,0.1186872290524655
10.0,4250.0,-4.417414121827065,-0.11840271838472187,0.0,1.0000025823285132,3.2255775403199545,0.016840915899398155,0.0,0.0,-0.9999992566475747,0.1184079844697871
10.0,4260.0,-4.418682769894977,-0.11812483017939787,0.0,1.000002570265985,3.2272080826157254,0.016758283308339034,0.0,0.0,-0.9999994188885805,0.1181300499821888
10.0,4270.0,-4.4199459311208456,-0.11784824387476515,0.0,1.0000025563940773,3.2288318422691034,0.01667624208273024,0.0,0.0,-0.9999995800699266,0.11785341872286433
10.0,4280.0,-4.421203649599913,-0.11757294713346177,0.0,1.0000025493576026,3.2304488582822626,0.016594780578881252,0.0,0.0,-0.999999741142375,0.11757808075783392
10.0,4290.0,-4.422455931765528,-0.11729893739188003,0.0,1.0000025293874166,3.2320591751190233,0.016513899215629863,0.0,0.0,-0.9999999002127786,0.11730401640225294
10.0,4300.0,-4.423702841683119,-0.11702619878769746,0.0,1.0000025072727814,3.233662829603603,0.01643359212924703,0.0,0.0,-1.000000059002561,0.117031227441491
10.0,4310.0,-4.424944396843352,-0.11675472747550251,0.0,1.0000024956123374,3.235259867422829,0.016353850390111103,0.0,0.0,-1.0000002149191163,0.11675970549804446
10.0,4320.0,-4.426180638660906,-0.11648451178172456,0.0,1.000002473162632,3.2368503258030024,0.01627467115012512,0.0,0.0,-1.000000369524709,0.11648943422891435
10.0,4330.0,-4.427411599838638,-0.1162155413374861,0.0,1.0000024547337694,3.2384342477336348,0.016196048579067066,0.0,0.0,-1.000000522258097,0.11622041271852655
10.0,4340.0,-4.42863730577487,-0.11594781806549288,0.0,1.000002432686148,3.2400116706420703,0.01611797853881959,0.0,0.0,-1.0000006735046107,0.11595263075822902
10.0,4350.0,-4.429857802776308,-0.11568131417806886,0.0,1.0000024155975664,3.2415826331284006,0.016040454646294798,0.0,0.0,-1.0000008220747512,0.11568607337838412
10.0,4360.0,-4.431073117782598,-0.11541604201257595,0.0,1.000002385977358,3.24314717863448,0.015963472528826173,0.0,0.0,-1.0000009670428864,0.11542073833583508
10.0,4370.0,-4.432283281486175,-0.11515197547515034,0.0,1.0000023631925823,3.2447053431971122,0.01588702868492981,0.0,0.0,-1.000001111303186,0.11515661391123255
10.0,4380.0,-4.433488322636062,-0.11488912134104087,0.0,1.0000023375932166,3.2462571641766282,0.015811113766146263,0.0,0.0,-1.0000012505416205,0.11489368920924391
10.0,4390.0,-4.434688285193476,-0.11462745587398718,0.0,1.0000023139372582,3.2478026812788503,0.01573573159227617,0.0,0.0,-1.000001387401056,0.11463197727680108
10.0,4400.0,-4.435883192211248,-0.11436698273628594,0.0,1.0000022819045442,3.249341933723749,0.015660866398265163,0.0,0.0,-1.000001520859529,0.11437143466990968
10.0,4410.0,-4.437073086377325,-0.11410768849188621,0.0,1.0000022555680241,3.2508749565931767,0.01558652438291252,0.0,0.0,-1.0000016505735922,0.11411208382013689
10.0,4420.0,-4.438257981764657,-0.11384956615953495,0.0,1.0000022266849702,3.2524017902966045,0.015512692830302979,0.0,0.0,-1.0000017766688967,0.11385389167525516
10.0,4430.0,-4.439437919921952,-0.11359261054334874,0.0,1.000002197265804,3.253922468659371,0.015439370400155616,0.0,0.0,-1.0000018994972666,0.11359687064129448
10.0,4440.0,-4.440612930737475,-0.11333681031309722,0.0,1.0000021702591433,3.2554370326940734,0.015366553641247057,0.0,0.0,-1.0000020165205448,0.11334100881579066
10.0,4450.0,-4.441783041821014,-0.11308215688527255,0.0,1.0000021385614994,3.256945513511982,0.015294235801912148,0.0,0.0,-1.0000021302517579,0.11308629571541946
10.0,4460.0,-4.4429482911695315,-0.11282864195103913,0.0,1.000002110147544,3.258447951405292,0.015222413967039883,0.0,0.0,-1.0000022379852138,0.11283271156377878
10.0,4470.0,-4.44410870083065,-0.11257626306123607,0.0,1.0000020808624057,3.259944382125998,0.015151082473943362,0.0,0.0,-1.0000023420915345,0.11258026450947874
10.0,4480.0,-4.44526430444542,-0.11232500735204626,0.0,1.0000020444067648,3.2614348392816432,0.015080239580257384,0.0,0.0,-1.0000024410293968,0.1123289441149738
10.0,4490.0,-4.446415135386837,-0.11207487008537337,0.0,1.0000020165959356,3.262919358088109,0.015009878819126493,0.0,0.0,-1.0000025342040513,0.11207874278099834
10.0,4500.0,-4.447561211480636,-0.11182583617713295,0.0,1.0000019842951653,3.264397975989494,0.0149399961362009,0.0,0.0,-1.0000026215484836,0.11182964842197335
10.0,4510.0,-4.448702567440094,-0.11157791235679516,0.0,1.0000019485766787,3.265870727028933,0.014870589403784638,0.0,0.0,-1.000002703138085,0.11158165714670858
10.0,4520.0,-4.449839242133358,-0.11133107864195373,0.0,1.0000019087703353,3.2673376442946123,0.014801647882876807,0.0,0.0,-1.0000027789142176,0.11133476011991329
10.0,4530.0,-4.4509712459476045,-0.11108533256055841,0.0,1.0000018833049977,3.268798761578364,0.014733178475924168,0.0,0.0,-1.0000028488936352,0.11108894978810055
10.0,4540.0,-4.452098622777034,-0.11084067347170726,0.0,1.0000018475865111,3.2702541167598773,0.01466516863454657,0.0,0.0,-1.000002912213532,0.11084421681241387
10.0,4550.0,-4.453221395138366,-0.11059707866916088,0.0,1.000001817162134,3.2717037405986003,0.014597615661428661,0.0,0.0,-1.0000029677597997,0.11060057016548011
10.0,4560.0,-4.454339583738941,-0.11035455208988817,0.0,1.0000017952485412,3.273147667171175,0.014530521667512893,0.0,0.0,-1.0000030183805348,0.11035798073204062
10.0,4570.0,-4.4554532379010965,-0.11011308858378446,0.0,1.0000017597310966,3.2745859298505966,0.014463875528467602,0.0,0.0,-1.0000030608171795,0.11011645318152372
10.0,4580.0,-4.45656235675365,-0.10987267061760438,0.0,1.0000017220692026,3.276018559681122,0.014397675836997822,0.0,0.0,-1.000003095203762,0.10987597551990773
10.0,4590.0,-4.45766698499497,-0.10963329809979051,0.0,1.0000016895673902,3.2774455936042437,0.014331920448654074,0.0,0.0,-1.0000031227800419,0.10963654765563527
10.0,4600.0,-4.458767149028592,-0.10939496388886433,0.0,1.0000016650402495,3.2788670615417335,0.01426660363373541,0.0,0.0,-1.0000031424151574,0.10939815365771577
10.0,4610.0,-4.459862874386866,-0.10915765814240348,0.0,1.0000016299248893,3.2802829947221372,0.01420172076827265,0.0,0.0,-1.000003154402295,0.1091608019494316
10.0,4620.0,-4.46095417742122,-0.10892138346979438,0.0,1.0000015946084868,3.281693428696406,0.014137268702605617,0.0,0.0,-1.0000031574179271,0.10892446533822989
10.0,4630.0,-4.462041102695995,-0.10868611895016723,0.0,1.0000015662615453,3.2830983901026234,0.014073249480662726,0.0,0.0,-1.0000031518808914,0.10868914254230681
10.0,4640.0,-4.46312366180462,-0.10845187099254122,0.0,1.0000015384507162,3.284497913017432,0.01400965348592835,0.0,0.0,-1.0000031381681422,0.108454848851751
10.0,4650.0,-4.464201894285384,-0.10821862133121166,0.0,1.0000015157999687,3.2858920310148685,0.013946479445135612,0.0,0.0,-1.0000031156849298,0.10822154773515306
10.0,4660.0,-4.465275808515041,-0.10798637170576947,0.0,1.0000014886592798,3.287280773179029,0.013883721997160819,0.0,0.0,-1.0000030840961838,0.10798924715800831
10.0,4670.0,-4.4663454374645015,-0.10775510861149563,0.0,1.000001461250535,3.2886641666170955,0.01382137732220334,0.0,0.0,-1.0000030417433066,0.10775793668277116
10.0,4680.0,-4.467410816718226,-0.10752483346753011,0.0,1.000001432367481,3.2900422482203004,0.013759443644390953,0.0,0.0,-1.0000029912230926,0.10752762802879101
10.0,4690.0,-4.468471960014092,-0.10729553730124605,0.0,1.0000014084434667,3.2914150441576284,0.013697919824484874,0.0,0.0,-1.0000029309690883,0.10729828832695516
10.0,4700.0,-4.469528897575436,-0.10706721077378692,0.0,1.0000013884062668,3.292782586193738,0.013636799027052391,0.0,0.0,-1.0000028598169248,0.10706992050710096
10.0,4710.0,-4.470581655001622,-0.10683984894105218,0.0,1.0000013628739153,3.294144904417935,0.013576079844798538,0.0,0.0,-1.000002779173897,0.1068425257594748
10.0,4720.0,-4.471630243215941,-0.10661345033812318,0.0,1.000001336403367,3.295502026976119,0.013515755241248468,0.0,0.0,-1.0000026868285414,0.10661608238496886
10.0,4730.0,-4.472674711942814,-0.10638799811843516,0.0,1.0000013236036842,3.296853983086415,0.013455830309469688,0.0,0.0,-1.0000025849923215,0.10639061391383935
10.0,4740.0,-4.473715064063845,-0.10616349676830159,0.0,1.0000013051078074,3.298200808701858,0.013396294695792068,0.0,0.0,-1.000002471001429,0.10616607017262168
10.0,4750.0,-4.474751338782252,-0.10593993305767567,0.0,1.0000012830601863,3.2995425177278626,0.013337144278851767,0.0,0.0,-1.0000023470924577,0.10594249346084254
10.0,4760.0,-4.475783536634148,-0.10571730913815675,0.0,1.0000012693893208,3.3008791533549817,0.013278384285744387,0.0,0.0,-1.0000022116905773,0.10571983177388909
10.0,4770.0,-4.476811708215135,-0.10549560775117166,0.0,1.000001252233725,3.3022107405459478,0.013220003190053987,0.0,0.0,-1.0000020634052467,0.10549812008669461
10.0,4780.0,-4.47783586103079,-0.10527483091098364,0.0,1.0000012477437838,3.303537305034154,0.013161999550978578,0.0,0.0,-1.0000019040709753,0.10527732873465598
10.0,4790.0,-4.478856029191259,-0.10505496909562127,0.0,1.0000012306552022,3.304858876138246,0.01310437470879908,0.0,0.0,-1.0000017332856785,0.1050574560697397
10.0,4800.0,-4.4798722277076894,-0.10483602129795297,0.0,1.0000012299180476,3.306175481333982,0.013047119784154378,0.0,0.0,-1.0000015496001782,0.10483850099325677
10.0,4810.0,-4.4808844784936745,-0.10461797882002416,0.0,1.0000012184586458,3.3074871485997273,0.012990238362295943,0.0,0.0,-1.0000013532490228,0.10462045700463056
10.0,4820.0,-4.481892808555876,-0.1044008297135919,0.0,1.0000012154430138,3.3087939072541266,0.012933721999453956,0.0,0.0,-1.0000011444835155,0.10440329956647335
10.0,4830.0,-4.48289723424572,-0.10418457814451863,0.0,1.0000012118242552,3.3100957821258836,0.01287756560256091,0.0,0.0,-1.000000923002093,0.10418705321617286
10.0,4840.0,-4.483897795637606,-0.10396921243923372,0.0,1.000001209880848,3.311392799417491,0.012821776677189976,0.0,0.0,-1.000000687305316,0.10397169607150644
10.0,4850.0,-4.484894490654098,-0.10375473227728621,0.0,1.000001214437803,3.3126849890172134,0.01276634245716536,0.0,0.0,-1.0000004393365916,0.1037572233714884
10.0,4860.0,-4.485887361313005,-0.10354112397084224,0.0,1.000001221742334,3.313972376859486,0.012711267700484339,0.0,0.0,-1.0000001776383647,0.103543635390791
10.0,4870.0,-4.48687642490395,-0.10332838967150111,0.0,1.0000012264333173,3.315254988510168,0.01265654530365802,0.0,0.0,-0.999999901247308,0.10333092306522997
10.0,4880.0,-4.487861687927295,-0.10311652049819338,0.0,1.0000012308562443,3.3165328481613296,0.012602169838548666,0.0,0.0,-0.9999996108921995,0.1031190774221784
10.0,4890.0,-4.488843187709864,-0.10290551269706494,0.0,1.0000012472076716,3.317805990425726,0.012548145761590345,0.0,0.0,-0.9999993075112358,0.102908101025244
10.0,4900.0,-4.489820945964207,-0.10269535770749731,0.0,1.0000012610795792,3.319074433430657,0.01249446560071691,0.0,0.0,-0.9999989885411296,0.10269798490179992
10.0,4910.0,-4.490794977701472,-0.10248605186719381,0.0,1.0000012817869195,3.3203382025744452,0.012441124698452153,0.0,0.0,-0.9999986557242461,0.10248871476888903
10.0,4920.0,-4.491765304902265,-0.10227758927070102,0.0,1.000001296999108,3.321597327611328,0.012388127611751213,0.0,0.0,-0.9999983082061562,0.10228029666930093
10.0,4930.0,-4.49273195825902,-0.1020699700553551,0.0,1.00000132601619,3.3228518332694876,0.012335461440410206,0.0,0.0,-0.9999979443701461,0.102072729595904
10.0,4940.0,-4.493694936364441,-0.10186317838172289,0.0,1.0000013500742324,3.324101740624842,0.01228313446066383,0.0,0.0,-0.9999975654392221,0.10186599148336074
10.0,4950.0,-4.494654286061347,-0.10165721640140368,0.0,1.0000013800295111,3.325347081039965,0.012231139770065333,0.0,0.0,-0.9999971715222821,0.10166009698085787
10.0,4960.0,-4.495610016798717,-0.10145208200857689,0.0,1.000001414474731,3.3265878713353816,0.012179476832502343,0.0,0.0,-0.999996762309386,0.10145503555929244
10.0,4970.0,-4.496562146871389,-0.1012477621563106,0.0,1.0000014489869646,3.3278241437448486,0.012128136601078632,0.0,0.0,-0.999996335907387,0.10125078277283411
10.0,4980.0,-4.497510688676958,-0.10104425130538106,0.0,1.0000014928811647,3.3290559209861272,0.012077121421285813,0.0,0.0,-0.9999958943937206,0.10104735693296626
10.0,4990.0,-4.4984556778668985,-0.10084155636837328,0.0,1.000001530878129,3.3302832222922487,0.012026430153885102,0.0,0.0,-0.9999954358836168,0.10084474247492804
